<?xml version="1.0" encoding="UTF-8"?>
<project-private xmlns="http://www.netbeans.org/ns/project-private/1">
    <editor-bookmarks xmlns="http://www.netbeans.org/ns/editor-bookmarks/2" lastBookmarkId="0"/>
    <open-files xmlns="http://www.netbeans.org/ns/projectui-open-files/2">
        <group>
            <file>file:/C:/Users/angie_yuixay4/OneDrive/Escritorio/Git/app-pymes/AppPymes/src/java/Controlador/ControladorCliente.java</file>
            <file>file:/C:/Users/angie_yuixay4/OneDrive/Escritorio/Git/app-pymes/AppPymes/web/RegistroCliente.html</file>
            <file>file:/C:/Users/angie_yuixay4/OneDrive/Escritorio/Git/app-pymes/AppPymes/web/Index.html</file>
            <file>file:/C:/Users/angie_yuixay4/OneDrive/Escritorio/Git/app-pymes/AppPymes/web/css/estilo.css</file>
        </group>
    </open-files>
</project-private>
